Model,ROC AUC,PR AUC
Logistic Regression,0.8362999502239309,0.7929200337937283
Random Forest,0.9821330917567516,0.978045942669218
Gradient Boosting,0.968252565370218,0.9621792576216363
